{"cameraMode":{"drawMode":0,"name":"Shaded","section":"Shading Mode"},"sceneLighting":true,"audioPlay":false,"sceneViewState":{"showFog":true,"showMaterialUpdate":false,"showSkybox":true,"showFlares":true,"showImageEffects":true,"showParticleSystems":true},"in2DMode":false,"pivot":{"x":3.533219814300537,"y":-4.6501851081848148,"z":-11.306772232055664},"rotation":{"x":-0.013942183926701546,"y":-0.983433723449707,"z":0.15921412408351899,"w":-0.08636754006147385},"size":22.0,"orthographic":false}