{"cameraMode":{"drawMode":0,"name":"Shaded","section":"Shading Mode"},"sceneLighting":true,"audioPlay":false,"sceneViewState":{"showFog":true,"showMaterialUpdate":false,"showSkybox":true,"showFlares":true,"showImageEffects":true,"showParticleSystems":true},"in2DMode":false,"pivot":{"x":163.61468505859376,"y":-180.943359375,"z":-212.17575073242188},"rotation":{"x":0.03807956725358963,"y":0.9481092095375061,"z":-0.12443690001964569,"w":0.2901725172996521},"size":1245.2855224609375,"orthographic":false}