{"cameraMode":{"drawMode":0,"name":"Shaded","section":"Shading Mode"},"sceneLighting":true,"audioPlay":false,"sceneViewState":{"showFog":true,"showMaterialUpdate":false,"showSkybox":true,"showFlares":true,"showImageEffects":true,"showParticleSystems":true},"in2DMode":false,"pivot":{"x":6.133445739746094,"y":11.438165664672852,"z":-17.570261001586915},"rotation":{"x":-0.2433367818593979,"y":0.03897871822118759,"z":-0.009773140773177147,"w":-0.9691342115402222},"size":12.117941856384278,"orthographic":false}